1.1875e+09,1.2261e+09,3.9458e+09,5.217e+10,5.1494e+10,-5.3287e+09,7.2265e+10,3.8594e+11,-1.4848e+11,0.00057292,0.00058045,4.3902e-05,2.6113e-07,-1.9255e-08,1.3946e-06,-5.3652e-07,0.0011534,7.766e-09,2.4828e-12,3.0502e-12,-3.97e-24,-1.4329e-16,-4.4742e-24
1.0778e+09,1.1998e+09,4.725e+09,4.4096e+10,4.1121e+10,2.1219e+11,6.1068e+10,4.4402e+11,-5.0775e+11,0.00052925,0.00056754,6.0814e-05,2.6474e-07,9.1987e-07,1.9249e-06,-2.2012e-06,0.0010968,1.626e-08,1.9752e-12,6.4362e-12,-4.9227e-23,-5.6177e-16,-1.8619e-23
6.8969e+08,8.2823e+08,1.0579e+09,2.8145e+10,3.5096e+10,-6.1893e+10,1.3993e+11,1.1049e+12,-4.4578e+10,0.00085937,0.00068916,2.5904e-05,1.3553e-06,-5.995e-07,1.0702e-05,-4.3178e-07,0.0015485,3.1657e-08,2.0031e-10,1.4645e-10,9.3603e-21,-2.5855e-14,-6.8018e-21
9.679e+08,9.7138e+08,1.772e+09,3.6119e+10,3.9036e+10,-1.6332e+09,-1.4718e+11,-2.2063e+11,-1.4252e+11,0.00074056,0.00068523,3.3617e-05,-1.0363e-06,-1.1499e-08,-1.5534e-06,-1.0035e-06,0.0014258,7.5823e-09,4.7262e-12,7.7366e-12,2.6226e-23,3.9351e-17,-2.0416e-23
1.2122e+09,1.1582e+09,5.3686e+08,5.2464e+10,4.8874e+10,-1.4385e+11,-1.0116e+11,-2.0838e+11,6.4871e+09,0.00058315,0.00062599,6.4057e-06,-3.9892e-07,-5.6726e-07,-8.2173e-07,2.5581e-08,0.0012091,1.999e-09,9.1515e-13,1.7834e-12,2.4863e-24,6.8197e-17,3.9909e-25
1.1739e+09,1.1846e+09,8.2288e+09,4.1553e+10,5.1933e+10,-4.4794e+10,1.6464e+11,-2.5343e+11,2.125e+10,0.00062152,0.00049729,9.848e-05,6.5172e-07,-1.7731e-07,-1.0032e-06,8.4117e-08,0.0011188,5.4226e-08,8.9738e-12,1.3221e-13,3.8237e-26,-1.3639e-18,1.1511e-25
1.0078e+09,1.0098e+09,7.3546e+08,4.3381e+10,4.0465e+10,-3.1677e+10,8.3554e+09,-5.4034e+10,1.1713e+10,0.00065542,0.00070265,1.1912e-05,4.828e-08,-1.8304e-07,-3.1223e-07,6.7683e-08,0.0013581,2.7985e-09,2.6503e-13,8.2975e-14,1.847e-27,4.1128e-18,1.4098e-26
9.3382e+08,9.7624e+08,2.1949e+09,4.0187e+10,3.9127e+10,-1.0454e+11,-8.1719e+10,2.4496e+11,-2.9215e+11,0.00071021,0.00072944,3.9839e-05,-5.4445e-07,-6.9649e-07,1.632e-06,-1.9465e-06,0.0014396,6.7186e-09,2.4512e-11,8.1681e-12,-6.7377e-23,-5.6966e-16,1.1645e-22
7.5317e+08,8.2151e+08,-1.9401e+09,3.1461e+10,3.6971e+10,9.6174e+10,-9.1592e+10,1.2534e+11,-6.6516e+11,0.001071,0.00091133,-5.6199e-05,-1.0946e-06,1.1493e-06,1.4979e-06,-7.949e-06,0.0019823,3.8112e-08,2.6667e-11,4.6398e-11,1.184e-21,7.9706e-15,1.7389e-21
8.2544e+08,8.8991e+08,1.962e+09,3.3743e+10,3.6918e+10,6.6365e+10,1.2212e+11,4.9493e+11,-1.6957e+11,0.00080496,0.00073575,4.278e-05,1.0232e-06,5.5605e-07,4.1469e-06,-1.4207e-06,0.0015407,1.2111e-08,7.3046e-12,2.7478e-11,-1.7209e-22,-2.5633e-15,-4.2677e-23
1.0264e+09,1.0027e+09,-7.2412e+08,4.0121e+10,3.9645e+10,-2.7088e+11,2.1898e+11,-4.4054e+10,-1.1997e+10,0.00064278,0.0006505,-1.174e-05,1.2669e-06,-1.5672e-06,-2.5487e-07,-6.9409e-08,0.0012933,6.1085e-10,3.6221e-11,3.7027e-12,2.6279e-23,6.5024e-17,3.647e-23
9.4312e+08,9.8065e+08,7.6748e+08,4.0415e+10,4.2379e+10,7.0103e+09,-1.0144e+11,4.4757e+11,-2.222e+11,0.00071707,0.00068383,1.2986e-05,-6.1905e-07,4.2781e-08,2.7314e-06,-1.356e-06,0.0014009,1.7797e-09,2.783e-11,6.1863e-12,7.7716e-25,-2.3509e-16,-6.842e-23
1.1313e+09,1.1813e+09,9.737e+08,5.084e+10,5.0453e+10,-1.238e+11,8.8111e+09,3.7425e+11,-6.2746e+10,0.00061546,0.00062017,1.1878e-05,3.572e-08,-5.0191e-07,1.5172e-06,-2.5437e-07,0.0012356,5.8655e-10,1.1126e-11,2.9835e-12,-2.9836e-25,-4.7125e-17,-9.0066e-24
1.462e+09,1.4558e+09,1.1327e+09,6.2031e+10,6.1877e+10,6.6153e+10,9.2413e+10,1.8903e+11,2.2707e+11,0.00046387,0.00046503,8.4916e-06,2.0385e-07,1.4593e-07,4.1699e-07,5.009e-07,0.0009289,2.8976e-10,3.8291e-14,8.0382e-13,1.5788e-25,1.3602e-17,-5.997e-25
5.7639e+08,5.2737e+08,-3.607e+09,2.13e+10,2.3028e+10,-9.3727e+10,-6.0864e+10,4.6263e+09,3.8167e+11,0.0011547,0.001068,-0.00018086,-1.4442e-06,-2.2239e-06,1.0977e-07,9.0561e-06,0.0022227,1.3835e-07,6.5723e-11,4.8459e-11,4.6006e-21,1.0486e-14,-8.147e-22
7.5881e+08,9.2644e+08,4.5607e+09,2.7908e+10,3.7299e+10,2.6167e+11,7.4849e+10,5.1278e+11,-4.5317e+11,0.00082564,0.00061777,0.00010095,6.3908e-07,2.2342e-06,4.3783e-06,-3.8693e-06,0.0014434,8.3978e-08,1.1459e-11,2.7848e-11,-4.7744e-22,-7.9901e-15,-4.9291e-23
9.4216e+08,9.7612e+08,9.1592e+08,3.7455e+10,3.6219e+10,-5.2485e+10,2.228e+09,1.0306e+11,-8.3256e+10,0.00062764,0.00064904,1.5872e-05,1.4008e-08,-3.2999e-07,6.4793e-07,-5.2345e-07,0.0012767,1.4658e-09,3.0498e-12,1.1665e-12,-9.8349e-25,-4.2077e-17,1.4469e-24
1.0175e+09,1.0551e+09,5.4507e+08,4.2966e+10,4.5857e+10,6.4435e+10,1.977e+10,3.0551e+11,1.2516e+11,0.00065755,0.00061609,7.8158e-06,9.8098e-08,3.1972e-07,1.5159e-06,6.2101e-07,0.0012736,1.9631e-09,1.8023e-12,3.49e-12,-2.2284e-24,-2.384e-17,7.8365e-24
8.6468e+08,9.3993e+08,-1.3075e+09,3.1857e+10,3.712e+10,-1.9018e+11,7.587e+10,3.2031e+11,-2.5267e+11,0.00076871,0.00065971,-2.7076e-05,5.9602e-07,-1.494e-06,2.5163e-06,-1.985e-06,0.0014284,1.4812e-08,4.9506e-11,2.179e-11,-2.8292e-22,1.4361e-15,4.9288e-22
7.2013e+08,7.0962e+08,2.7941e+08,3.686e+10,3.3558e+10,-4.7098e+10,7.2193e+09,2.5734e+11,2.2565e+11,0.0010045,0.0011033,8.3635e-06,8.9882e-08,-5.8638e-07,3.2039e-06,2.8094e-06,0.0021078,1.0052e-08,3.3242e-11,1.5791e-11,-1.9429e-22,8.2892e-16,1.6631e-22
8.9887e+08,9.7948e+08,1.023e+09,3.7374e+10,4.2785e+10,1.0518e+11,1.2726e+11,3.8337e+11,-7.3136e+10,0.00075217,0.00065703,1.7984e-05,8.1461e-07,6.7328e-07,2.4541e-06,-4.6817e-07,0.0014092,1.0345e-08,1.8869e-13,1.0727e-11,1.9474e-23,-9.6425e-16,5.3619e-23
6.7763e+08,6.8275e+08,-7.04e+08,3.0072e+10,2.8828e+10,-4.2619e+10,6.5778e+10,-9.6546e+10,-4.0466e+10,0.001028,0.0010724,-2.5105e-05,1.0193e-06,-6.6044e-07,-1.4961e-06,-6.2707e-07,0.0021004,4.4889e-09,2.0975e-11,1.885e-12,-5.6757e-24,-1.251e-16,-1.1623e-23
6.4802e+08,6.5205e+08,1.5962e+09,2.7618e+10,2.7823e+10,-2.658e+10,1.3653e+11,-1.9947e+10,-5.9729e+10,0.001118,0.0011098,6.4142e-05,2.4564e-06,-4.7821e-07,-3.5888e-07,-1.0746e-06,0.0022278,1.6525e-08,6.0882e-11,6.811e-12,-9.5511e-23,-8.5209e-16,1.4438e-22
1.0668e+09,1.1068e+09,-5.5796e+08,4.7886e+10,4.8558e+10,3.2616e+10,2.5813e+11,4.157e+11,5.6766e+10,0.00064907,0.00064008,-7.4581e-06,1.1732e-06,1.4824e-07,1.8894e-06,2.58e-07,0.0012892,3.0325e-10,4.7448e-12,9.5446e-12,-7.2931e-24,-1.1992e-16,5.9425e-25
1.1409e+09,1.2006e+09,1.9449e+09,4.7941e+10,4.6065e+10,5.0291e+10,-1.3109e+11,1.1724e+11,-2.1208e+11,0.00057359,0.00059696,2.4218e-05,-5.4526e-07,2.0919e-07,4.8766e-07,-8.8214e-07,0.0011705,2.8918e-09,4.5285e-12,4.5618e-13,-5.887e-26,-6.7482e-18,6.1303e-25
8.9077e+08,9.273e+08,-1.2574e+09,3.7288e+10,4.0667e+10,-6.849e+10,-7.777e+10,3.387e+11,1.1547e+11,0.00073676,0.00067554,-2.2779e-05,-5.1691e-07,-4.5522e-07,2.2512e-06,7.675e-07,0.0014123,5.8234e-09,2.7537e-11,3.1054e-12,1.1443e-23,-2.2752e-16,7.7809e-24
8.6043e+08,9.0436e+08,-1.0033e+09,3.8806e+10,3.8101e+10,2.4968e+10,-2.2622e+10,4.6431e+11,1.378e+10,0.00075149,0.0007654,-1.9789e-05,-1.6721e-07,1.8455e-07,3.432e-06,1.0185e-07,0.0015169,1.7601e-09,2.3758e-11,1.0741e-11,1.2821e-22,7.3153e-17,5.8215e-23
9.4291e+08,1.1555e+09,-1.165e+09,4.6297e+10,4.777e+10,3.7777e+10,9.2396e+10,1.3273e+12,3.5113e+10,0.00061063,0.00059181,-1.4892e-05,3.9713e-07,1.6237e-07,5.705e-06,1.5092e-07,0.0012024,1.2415e-09,4.7598e-11,3.7334e-11,1.0538e-21,-8.1301e-16,3.0164e-22
8.3707e+08,9.9397e+08,-2.067e+08,4.3167e+10,4.1922e+10,1.1403e+11,1.062e+11,1.1642e+12,9.2937e+10,0.00071849,0.00073983,-3.5426e-06,6.5855e-07,7.0711e-07,7.2195e-06,5.7632e-07,0.0014583,5.0581e-10,5.349e-11,6.3711e-11,2.6913e-21,1.1463e-15,2.456e-21
7.6564e+08,8.6334e+08,-2.4019e+09,3.7936e+10,3.7687e+10,-6.9448e+10,-5.5364e+10,7.4473e+11,-1.1287e+11,0.00083339,0.00083889,-5.3114e-05,-4.7211e-07,-5.9221e-07,6.3506e-06,-9.6247e-07,0.0016723,1.1315e-08,1.2638e-10,3.6974e-11,1.3182e-21,2.1186e-15,-1.6623e-21
1.2389e+09,1.4018e+09,-4.0617e+09,4.6591e+10,5.3649e+10,2.1731e+11,4.7633e+11,2.3103e+10,-8.276e+11,0.00053896,0.00046805,-4.0804e-05,1.5149e-06,6.9115e-07,7.3479e-08,-2.6321e-06,0.001007,1.1687e-08,2.3993e-11,6.2905e-12,9.3926e-24,5.9144e-16,4.0785e-23
1.1525e+09,1.0871e+09,1.8919e+09,4.9167e+10,4.8115e+10,-9.2802e+09,1.224e+11,-1.5431e+11,2.697e+11,0.00062126,0.00063483,2.4427e-05,5.3273e-07,-4.0392e-08,-6.7162e-07,1.1739e-06,0.0012561,2.5712e-09,5.455e-12,1.3041e-12,-1.7991e-24,-3.2566e-17,3.7173e-24
1.191e+09,1.202e+09,-2.1274e+07,5.0035e+10,4.9783e+10,4.9834e+10,1.7486e+10,7.6819e+10,-8.07e+10,0.00057039,0.00057327,-2.4374e-07,6.5548e-08,1.868e-07,2.8796e-07,-3.025e-07,0.0011437,8.5464e-12,8.2566e-14,1.3835e-13,-1.8141e-26,3.6151e-19,3.9124e-27
1.263e+09,1.2942e+09,-8.8358e+08,5.2654e+10,5.2827e+10,-1.4811e+09,1.3881e+09,-1.9626e+11,-1.9035e+11,0.00055516,0.00055334,-9.2855e-06,4.6705e-09,-4.9837e-09,-6.6036e-07,-6.4049e-07,0.0011085,3.4821e-10,8.7132e-13,8.4655e-13,-7.3143e-25,-1.5744e-17,2.7672e-26
9.8165e+08,9.7238e+08,9.2554e+08,4.153e+10,4.3121e+10,-1.1416e+11,-1.458e+10,1.1445e+10,1.295e+11,0.00074193,0.00071455,1.5925e-05,-9.0852e-08,-7.1141e-07,7.1321e-08,8.0697e-07,0.0014565,1.7641e-09,4.9827e-12,9.512e-15,1.0052e-27,1.2068e-19,-9.6259e-28
9.2221e+08,9.3002e+08,9.4966e+08,4.2764e+10,4.1515e+10,-3.5046e+10,1.398e+11,5.6925e+10,-7.3987e+10,0.00080166,0.00082577,1.8338e-05,1.0063e-06,-2.5227e-07,4.0976e-07,-5.3257e-07,0.0016274,1.9264e-09,8.1686e-12,2.6212e-12,-1.5632e-23,-4.8028e-17,1.077e-23
1.3594e+09,1.3866e+09,-1.3063e+09,5.79e+10,5.6378e+10,-2.6909e+11,7.4155e+10,-4.4194e+10,-1.9813e+11,0.00049937,0.00051286,-1.1571e-05,2.0151e-07,-7.3121e-07,-1.2009e-07,-5.3839e-07,0.0010122,7.1733e-10,4.8247e-12,1.6185e-12,2.595e-24,-1.686e-17,-3.9046e-25
6.5532e+08,7.3688e+08,-5.2537e+08,2.9773e+10,3.4262e+10,6.8742e+10,1.318e+10,5.9909e+11,1.9399e+11,0.00096498,0.00083856,-1.4797e-05,1.5208e-07,7.9315e-07,6.9124e-06,2.2382e-06,0.0018035,1.6857e-08,6.2229e-11,5.9096e-11,2.597e-22,-6.4148e-15,3.4791e-21
1.1027e+09,1.1865e+09,7.6674e+07,4.7241e+10,4.7547e+10,4.2141e+10,-3.7783e+10,2.9202e+11,-2.2429e+11,0.00060014,0.00059628,9.6778e-07,-1.5985e-07,1.7828e-07,1.2355e-06,-9.4891e-07,0.0011964,1.8698e-11,3.4321e-12,1.7508e-12,-2.1929e-24,-5.3861e-18,-3.5241e-24
9.4708e+08,1.0241e+09,-5.3528e+08,4.2568e+10,4.442e+10,-9.4041e+10,1.6755e+11,4.6558e+11,3.0933e+10,0.00069219,0.00066332,-8.3411e-06,9.2246e-07,-5.1775e-07,2.5633e-06,1.703e-07,0.0013555,1.1117e-09,1.6988e-11,1.2271e-11,-4.1168e-23,-3.0688e-16,-5.4253e-23
1.3261e+09,1.2977e+09,4.5092e+09,5.0884e+10,5.3267e+10,1.85e+11,7.2504e+11,1.2802e+11,1.1518e+11,0.00050913,0.00048636,4.3099e-05,2.1668e-06,5.5289e-07,3.826e-07,3.4423e-07,0.00099548,7.9486e-09,3.9057e-11,7.3045e-12,3.9527e-23,2.6462e-16,-8.1742e-23
1.038e+09,1.0752e+09,1.592e+09,4.6426e+10,4.6928e+10,3.8958e+10,8.8474e+09,2.8512e+11,2.0047e+10,0.000662,0.00065492,2.2458e-05,4.3013e-08,1.894e-07,1.3861e-06,9.746e-08,0.0013169,2.0677e-09,2.2493e-12,2.1247e-12,3.2806e-24,2.2937e-17,3.8881e-24
1.0015e+09,1.0835e+09,6.3848e+08,4.5684e+10,4.4024e+10,6.5461e+10,1.2197e+11,5.8785e+11,-2.7255e+11,0.00066547,0.00069056,9.6514e-06,6.4649e-07,3.4696e-07,3.1158e-06,-1.4446e-06,0.001356,1.0023e-09,5.6889e-12,1.5359e-11,-1.066e-22,1.6554e-16,-6.928e-23
1.0838e+09,1.062e+09,-3.9421e+09,4.7296e+10,4.6214e+10,-1.0388e+11,-1.2117e+11,2.6082e+11,4.1977e+11,0.00059794,0.00061193,-5.1004e-05,-5.2874e-07,-4.533e-07,1.1381e-06,1.8317e-06,0.0012099,1.0602e-08,1.3662e-11,2.2715e-12,-5.1438e-24,-1.9277e-16,-4.484e-24
1.1201e+09,1.1507e+09,1.4583e+09,5.1633e+10,5.0344e+10,4.4203e+10,2.7578e+10,4.9742e+11,2.4749e+11,0.00058909,0.00060417,1.7064e-05,1.0613e-07,1.7011e-07,1.9143e-06,9.5245e-07,0.0011933,1.3922e-09,4.5179e-12,5.3422e-12,-6.8469e-24,1.9737e-16,2.0573e-23
9.7185e+08,9.7668e+08,-5.9957e+08,4.1444e+10,4.2206e+10,-6.7987e+10,2.4658e+10,3.7779e+10,-3.1769e+10,0.0007393,0.00072594,-1.0502e-05,1.5713e-07,-4.3324e-07,2.4074e-07,-2.0245e-07,0.0014652,6.1973e-10,2.4262e-12,5.624e-13,6.639e-26,1.3909e-17,6.4032e-25
9.2242e+08,1.0494e+09,4.1665e+08,4.2247e+10,4.0721e+10,1.2069e+11,-1.1282e+11,7.1531e+11,-8.5873e+10,0.00062483,0.00064825,6.3932e-06,-6.0927e-07,6.5177e-07,3.863e-06,-4.6376e-07,0.0012731,7.1186e-10,3.6025e-11,1.0622e-11,1.8593e-22,2.6273e-16,8.4809e-23
1.2001e+09,1.1466e+09,1.1028e+09,4.7891e+10,4.8843e+10,-1.0789e+10,5.4668e+10,-9.0056e+10,4.0036e+10,0.00059098,0.00057946,1.3343e-05,2.1938e-07,-4.3296e-08,-3.6139e-07,1.6066e-07,0.0011704,8.4477e-10,1.093e-12,3.3941e-14,-3.3505e-28,-9.6315e-19,-5.4984e-27
9.7408e+08,9.5291e+08,-2.6673e+08,4.303e+10,4.1957e+10,8.6277e+10,5.955e+10,1.3041e+11,1.8709e+11,0.00069369,0.00071143,-4.4099e-06,3.5304e-07,5.1149e-07,7.7313e-07,1.1091e-06,0.0014051,3.9265e-10,6.6146e-13,3.8948e-12,2.0339e-24,-5.6295e-17,-2.0229e-23
1.2463e+09,1.2266e+09,1.6424e+09,5.229e+10,5.3403e+10,2.0149e+10,-8.9735e+10,4.4699e+10,1.5924e+11,0.00056698,0.00055516,1.7438e-05,-3.0582e-07,6.8668e-08,1.5233e-07,5.4269e-07,0.0011221,1.356e-09,1.1473e-12,3.9732e-13,4.508e-25,-2.4058e-18,-7.2083e-26
1.5264e+09,1.5385e+09,-3.5804e+08,6.5984e+10,6.6403e+10,-3.5288e+10,6.0573e+09,1.4448e+11,1.2907e+11,0.00045484,0.00045198,-2.4525e-06,1.1936e-08,-6.9537e-08,2.847e-07,2.5435e-07,0.00090682,3.2282e-11,3.0531e-13,1.2215e-13,-1.035e-26,-6.9219e-19,1.0375e-26
1.0636e+09,1.062e+09,-1.9867e+09,4.1814e+10,4.8164e+10,-9.9787e+10,-1.1183e+11,-2.7314e+11,-5.2439e+11,0.00076927,0.00066784,-3.1731e-05,-6.3497e-07,-5.6659e-07,-1.5508e-06,-2.9775e-06,0.0014371,1.4314e-08,1.4754e-13,1.7338e-11,1.8725e-23,-1.9391e-16,-3.3861e-22
1.2753e+09,1.2756e+09,-1.9533e+09,5.3881e+10,5.4182e+10,2.6018e+10,-1.2824e+10,3.0225e+10,1.1518e+11,0.00053691,0.00053393,-1.9356e-05,-4.0095e-08,8.1344e-08,9.45e-08,3.6012e-07,0.0010708,1.5075e-09,6.8492e-14,1.9785e-13,3.2653e-26,-1.2876e-18,-3.6758e-26
1.0656e+09,1.0267e+09,1.4481e+09,4.298e+10,4.2239e+10,4.8305e+10,-3.7199e+10,-5.2121e+11,1.0178e+11,0.00068325,0.00069523,2.3425e-05,-2.1459e-07,2.7866e-07,-3.0067e-06,5.8717e-07,0.0013785,2.3385e-09,2.0349e-11,1.1126e-11,2.9486e-23,-1.4597e-16,-9.9415e-23
8.4312e+08,1.0003e+09,-1.6514e+09,3.838e+10,3.9691e+10,-6.2565e+10,1.4039e+11,5.1159e+11,-4.095e+11,0.00072731,0.00070329,-3.026e-05,9.465e-07,-4.2181e-07,3.4491e-06,-2.7608e-06,0.0014306,4.2394e-09,2.2598e-11,2.945e-11,-8.8224e-22,1.4725e-15,1.0304e-22
8.4578e+08,9.1167e+08,8.2644e+08,3.8338e+10,3.8942e+10,-1.2253e+10,-8.1924e+10,1.9472e+11,-2.1545e+10,0.00080508,0.00079258,1.7086e-05,-6.4222e-07,-9.6057e-08,1.5265e-06,-1.689e-07,0.0015977,1.3238e-09,1.5217e-11,8.5212e-13,2.8043e-24,-2.4904e-17,-2.3129e-24
9.1162e+08,9.6615e+08,5.3135e+09,4.0543e+10,4.071e+10,1.4564e+11,-7.1037e+10,3.4595e+11,-7.2831e+10,0.00074105,0.00073801,9.6723e-05,-4.7498e-07,9.7377e-07,2.3132e-06,-4.8697e-07,0.0014791,3.743e-08,1.4343e-11,3.6159e-12,1.3812e-23,3.3665e-16,2.9953e-23
8.6475e+08,8.5091e+08,-2.3421e+09,4.1329e+10,3.8623e+10,-2.3469e+11,4.5063e+10,3.0881e+11,2.6161e+11,0.00077735,0.00083181,-4.7139e-05,3.4161e-07,-1.7791e-06,2.341e-06,1.9832e-06,0.0016092,1.1854e-08,6.069e-11,7.2382e-12,2.0755e-23,2.8642e-16,-5.7843e-23
1.1253e+09,1.1483e+09,-7.527e+08,5.0439e+10,5.378e+10,-1.4182e+11,6.6406e+10,4.3824e+11,3.3822e+11,0.00062234,0.00058368,-8.7103e-06,2.5204e-07,-5.3828e-07,1.6633e-06,1.2837e-06,0.001206,1.7982e-09,1.1569e-11,4.2242e-12,-6.3153e-25,-1.7009e-16,5.7969e-24
7.4681e+08,8.1766e+08,7.1604e+08,3.1651e+10,3.1482e+10,1.5103e+11,-1.1368e+11,1.1811e+11,-8.072e+10,0.00083943,0.00084393,1.9092e-05,-1.2249e-06,1.6273e-06,1.2725e-06,-8.6972e-07,0.0016834,1.4783e-09,3.7502e-11,5.7621e-13,7.9959e-25,1.8167e-19,-2.4544e-24
1.336e+09,1.3945e+09,-2.2824e+09,6.1876e+10,6.2454e+10,-7.152e+10,-3.9798e+09,2.7149e+11,-2.4805e+11,0.00054935,0.00054427,-2.0076e-05,-1.0721e-08,-1.9266e-07,7.3132e-07,-6.6821e-07,0.0010936,1.638e-09,2.2972e-12,1.2604e-12,-1.3847e-24,5.0943e-17,9.934e-25
7.3851e+08,7.5281e+08,1.9884e+09,3.2924e+10,3.8069e+10,6.9336e+10,1.5931e+11,1.3633e+11,1.2276e+11,0.0010712,0.00092642,5.595e-05,1.836e-06,7.9905e-07,1.5711e-06,1.4148e-06,0.0019976,3.3479e-08,1.6181e-11,1.6509e-11,3.1266e-22,7.1707e-16,-3.0099e-22
4.5324e+08,4.708e+08,-3.3943e+08,2.036e+10,2.0348e+10,2.027e+10,-1.9654e+10,1.085e+11,2.81e+10,0.0015054,0.0015062,-2.5112e-05,-7.5831e-07,7.821e-07,4.1862e-06,1.0842e-06,0.0030116,2.5231e-09,4.5131e-11,1.5233e-11,-1.7034e-22,-6.3571e-16,3.9836e-22
8.5765e+08,8.9404e+08,1.1553e+09,3.7794e+10,3.8546e+10,-1.9555e+10,1.2822e+11,-1.0774e+10,-4.9944e+11,0.00088465,0.00086738,2.6514e-05,1.1454e-06,-1.7468e-07,-9.6243e-08,-4.4614e-06,0.001752,3.1099e-09,1.266e-11,2.2594e-11,9.0091e-22,-1.6377e-16,3.3588e-23
6.6073e+08,5.7613e+08,8.2382e+08,2.6065e+10,2.6335e+10,-3.2821e+10,-4.8917e+10,-1.5164e+11,5.4753e+11,0.0010963,0.0010851,3.4296e-05,-9.1987e-07,-6.1719e-07,-2.8515e-06,1.0296e-05,0.0021814,4.8305e-09,1.0084e-12,1.079e-10,6.3533e-21,-4.1169e-15,8.5427e-21
1.1967e+09,1.2096e+09,3.5163e+09,5.2434e+10,5.3147e+10,2.1065e+11,-1.1706e+11,1.0625e+11,1.1692e+11,0.00059327,0.00058531,3.9251e-05,-4.2472e-07,7.6432e-07,3.8552e-07,4.2423e-07,0.0011786,6.226e-09,6.3929e-12,1.4142e-12,3.118e-24,3.922e-18,-2.3263e-24
5.7243e+08,5.5801e+08,2.8967e+09,2.4737e+10,2.3301e+10,-1.8741e+11,1.5441e+11,-1.3528e+11,1.4315e+11,0.0011552,0.0012263,0.00014361,3.6121e-06,-4.3842e-06,-3.1646e-06,3.3488e-06,0.0023815,8.7558e-08,2.9579e-10,1.2725e-12,2.2554e-23,-3.2826e-16,6.4036e-24
9.865e+08,9.4053e+08,1.6069e+09,4.0065e+10,3.4689e+10,-2.2682e+10,2.5312e+10,-2.5482e+11,1.4312e+11,0.00063816,0.00073705,2.9561e-05,1.7149e-07,-1.5367e-07,-1.7264e-06,9.6962e-07,0.0013752,1.3274e-08,6.6227e-12,3.0835e-12,-9.8152e-25,2.3232e-17,-1.2377e-23
5.9097e+08,5.8426e+08,3.213e+08,2.1881e+10,2.4583e+10,-4.6768e+10,4.8133e+10,-3.5148e+10,3.5187e+10,0.0011718,0.001043,1.5316e-05,1.0721e-06,-1.0417e-06,-7.8286e-07,7.8375e-07,0.0022149,1.7527e-08,2.1479e-11,1.5018e-13,1.8427e-26,-6.7739e-18,2.6875e-25
1.3775e+09,1.2789e+09,2.1686e+09,5.6233e+10,5.6001e+10,-5.6919e+10,-1.3866e+11,-1.2927e+11,5.946e+11,0.00050005,0.00050213,1.9364e-05,-3.8061e-07,-1.5624e-07,-3.5484e-07,1.6321e-06,0.0010022,1.5042e-09,6.3233e-13,2.7191e-12,5.7436e-24,-8.7479e-17,4.4831e-24
9.4523e+08,1.0174e+09,-1.7736e+08,3.9706e+10,4.1899e+10,4.3198e+10,-5.6563e+10,4.9814e+11,-6.2014e+10,0.00066908,0.00063405,-2.8323e-06,-3.2109e-07,2.4522e-07,2.8278e-06,-3.5203e-07,0.0013031,1.2586e-09,1.8749e-11,6.2949e-12,6.0617e-23,-2.1662e-16,-1.6189e-24
9.1444e+08,9.4304e+08,2.4906e+09,4.0435e+10,3.5445e+10,-1.0759e+11,-5.1445e+10,2.5765e+11,2.2815e+10,0.00065595,0.00074831,4.6091e-05,-3.5115e-07,-7.3435e-07,1.7587e-06,1.5573e-07,0.0014043,1.7028e-08,2.3603e-11,2.3159e-12,7.79e-24,1.9055e-18,-1.1941e-23
9.1146e+08,9.8619e+08,-1.0612e+09,3.6607e+10,3.1744e+10,2.1983e+10,-7.1146e+10,-1.344e+10,-3.2101e+11,0.00066452,0.00076632,-2.2215e-05,-5.6652e-07,1.7505e-07,-1.0702e-07,-2.5561e-06,0.0014308,1.2337e-08,2.9358e-12,6.1233e-12,2.6546e-23,-6.735e-16,-6.3084e-24
1.0181e+09,1.0968e+09,-1.8424e+09,3.9156e+10,4.3732e+10,1.1132e+11,5.3703e+10,3.2289e+11,-1.8994e+11,0.00064131,0.0005742,-2.7018e-05,2.7405e-07,5.6807e-07,1.6478e-06,-9.6928e-07,0.0012155,7.4227e-09,6.848e-13,3.8543e-12,-2.7543e-24,-1.5371e-16,9.1751e-25
6.3195e+08,6.0228e+08,-6.0713e+08,2.731e+10,2.7508e+10,-8.502e+10,-1.7083e+09,1.5449e+11,2.6575e+11,0.0010799,0.0010721,-2.3834e-05,-2.9852e-08,-1.4856e-06,2.6995e-06,4.6437e-06,0.002152,2.3325e-09,5.8994e-11,1.71e-11,-3.4024e-22,-7.8167e-16,8.9115e-23
1.4485e+09,1.4334e+09,1.8605e+08,6.091e+10,6.1884e+10,7.3437e+09,-2.4357e+10,-1.5908e+09,2.0172e+11,0.00048141,0.00047383,1.4473e-06,-5.6271e-08,1.6966e-08,-3.6753e-09,4.6603e-07,0.00095523,6.5821e-11,3.0249e-14,2.3688e-13,7.5118e-26,1.5732e-18,3.8285e-27
1.2526e+09,1.2828e+09,-8.2107e+08,5.332e+10,5.4473e+10,4.5386e+10,-1.68e+11,2.7597e+11,-1.5559e+10,0.00053288,0.0005216,-8.0321e-06,-5.1687e-07,1.3963e-07,8.4902e-07,-4.7867e-08,0.0010545,3.8519e-10,5.9432e-12,1.1875e-13,2.332e-26,-2.1283e-18,8.1511e-26
1.517e+09,1.5749e+09,2.8863e+08,6.1983e+10,6.5149e+10,5.003e+10,-5.0126e+10,1.7972e+11,-1.8231e+11,0.00044687,0.00042516,1.9798e-06,-9.8948e-08,9.876e-08,3.5476e-07,-3.5988e-07,0.00087203,4.8708e-10,4.28e-13,1.3362e-13,-2.5299e-26,-4.6933e-19,-1.9538e-26
9.4776e+08,9.3936e+08,4.9491e+08,4.0867e+10,4.1204e+10,-7.7515e+10,3.4177e+11,5.002e+10,3.0993e+11,0.00073894,0.0007329,8.8756e-06,2.243e-06,-5.0872e-07,3.2827e-07,2.034e-06,0.0014718,3.5155e-10,4.4407e-11,8.9378e-12,1.3143e-22,1.1337e-16,-1.714e-22
4.1884e+08,4.4938e+08,3.0581e+08,1.8102e+10,1.8394e+10,6.07e+09,-4.7979e+10,2.7471e+11,-2.9856e+10,0.0015021,0.0014783,2.4974e-05,-2.0945e-06,2.6499e-07,1.1992e-05,-1.3034e-06,0.0029804,3.0628e-09,4.5939e-10,9.9046e-11,1.8651e-20,-3.3359e-15,-6.0338e-21
8.3231e+08,8.3563e+08,-1.3119e+09,3.5788e+10,3.5262e+10,-9.3486e+10,-4.6726e+10,4.6302e+10,1.2868e+11,0.00081299,0.00082511,-3.0248e-05,-4.198e-07,-8.399e-07,4.1598e-07,1.1561e-06,0.0016381,3.8067e-09,1.1425e-11,9.9995e-14,7.8247e-26,-1.066e-18,-5.4503e-26
7.3734e+08,7.9393e+08,-2.2448e+09,3.4176e+10,3.7382e+10,-5.6471e+10,-1.8178e+10,6.5762e+11,4.57e+11,0.0008293,0.00075818,-4.9799e-05,-1.5563e-07,-4.8349e-07,5.6304e-06,3.9127e-06,0.0015875,1.4977e-08,8.7315e-11,4.1732e-11,-1.3509e-21,-5.035e-15,1.5627e-21
1.0593e+09,1.178e+09,-4.2518e+09,4.1672e+10,4.022e+10,-2.3435e+10,-4.4746e+09,1.1216e+11,-1.7707e+11,0.00053584,0.00055519,-5.6646e-05,-2.0253e-08,-1.0607e-07,5.0766e-07,-8.0147e-07,0.001091,1.3209e-08,1.0052e-12,1.0612e-12,-5.4419e-25,8.8886e-17,1.276e-24
1.0568e+09,1.0117e+09,-3.3024e+09,4.1754e+10,4.5375e+10,2.5241e+11,-1.2234e+10,-2.8532e+11,-9.3751e+10,0.00072231,0.00066466,-5.2569e-05,-6.9172e-08,1.4272e-06,-1.6133e-06,-5.301e-07,0.001387,1.4378e-08,3.6725e-11,3.6354e-12,3.2091e-24,2.0059e-16,-1.2322e-23
9.573e+08,1.0305e+09,1.0972e+09,4.2886e+10,4.172e+10,7.7434e+10,6.8599e+09,6.6109e+11,1.8608e+11,0.0006372,0.00065501,1.6758e-05,3.6832e-08,4.1576e-07,3.5496e-06,9.991e-07,0.0012922,1.4406e-09,1.7128e-11,1.4864e-11,3.8573e-23,5.3358e-16,2.3325e-22
1.1428e+09,1.1648e+09,1.1707e+09,4.965e+10,4.979e+10,-1.955e+11,-1.1235e+11,-5.7867e+10,1.2173e+11,0.0005949,0.00059322,1.3987e-05,-4.4379e-07,-7.7227e-07,-2.2859e-07,4.8086e-07,0.0011881,7.8537e-10,5.5768e-12,5.3702e-13,5.2508e-25,1.0347e-17,-1.6495e-25
9.7866e+08,9.8025e+08,3.6357e+07,4.2972e+10,4.1513e+10,-3.2983e+10,7.389e+10,3.4132e+11,1.6097e+11,0.00065781,0.00068093,5.7611e-07,4.1541e-07,-1.8543e-07,1.9189e-06,9.0495e-07,0.0013387,5.3575e-10,6.5791e-12,5.9667e-12,1.0004e-23,1.1787e-16,1.0832e-23
1.2509e+09,1.2652e+09,-1.3203e+09,5.1386e+10,5.075e+10,6.2123e+10,1.2083e+11,-1.093e+11,-1.137e+11,0.00054677,0.00055363,-1.4225e-05,4.194e-07,2.1563e-07,-3.7937e-07,-3.9465e-07,0.0011004,8.5646e-10,3.7348e-12,3.3648e-14,1.4256e-26,1.9879e-19,-8.94e-27
6.7086e+08,6.6741e+08,-1.3978e+09,3.349e+10,3.2315e+10,-1.1107e+11,-1.6083e+10,2.6459e+11,3.1429e+11,0.0010592,0.0010977,-4.5817e-05,-2.2431e-07,-1.5491e-06,3.6902e-06,4.3833e-06,0.002157,9.8803e-09,8.8549e-11,2.0046e-11,-5.841e-22,-1.647e-15,3.5736e-22
4.732e+08,5.013e+08,-1.6863e+09,2.1709e+10,1.5612e+10,1.376e+11,7.3683e+10,1.5239e+11,-1.2182e+11,0.0011921,0.0016577,-0.00012876,2.9575e-06,5.5232e-06,6.1167e-06,-4.8895e-06,0.0028498,2.8304e-07,1.1685e-10,8.2744e-11,1.2153e-22,3.5186e-14,8.1689e-21
1.3751e+09,1.3433e+09,5.0499e+09,5.5513e+10,5.6569e+10,1.2234e+11,1.6678e+11,-1.3767e+11,2.9331e+11,0.00049103,0.00048186,4.3834e-05,4.4187e-07,3.2414e-07,-3.6477e-07,7.7713e-07,0.0009729,7.7698e-09,4.6455e-12,1.2187e-12,-2.4837e-25,2.595e-17,1.7345e-24
8.0202e+08,8.9726e+08,-1.7523e+09,3.6292e+10,3.9697e+10,3.3486e+08,-7.5704e+10,6.6884e+11,1.928e+11,0.00076384,0.00069831,-3.3717e-05,-5.4253e-07,2.3998e-09,4.7932e-06,1.3817e-06,0.0014621,8.8416e-09,6.4132e-11,1.9984e-11,1.1848e-22,-1.8519e-15,5.3743e-22
3.586e+08,3.9988e+08,-2.9784e+09,1.6922e+10,1.694e+10,-1.0879e+11,3.53e+10,3.0615e+11,4.6678e+10,0.0016279,0.0016261,-0.00028622,1.8887e-06,-5.8206e-06,1.638e-05,2.4975e-06,0.0032541,3.277e-07,1.2601e-09,3.448e-10,4.8418e-20,6.8931e-14,-1.1744e-19
1.1632e+09,1.1642e+09,-6.8366e+08,4.948e+10,4.7773e+10,-6.3558e+10,3.8895e+10,-1.8077e+11,-2.7668e+10,0.00059682,0.00061815,-8.5408e-06,1.6245e-07,-2.6546e-07,-7.55e-07,-1.1556e-07,0.001215,7.4675e-10,1.5452e-12,4.9629e-13,-2.7077e-25,-3.3205e-18,3.8428e-25
1.2173e+09,1.296e+09,-2.4259e+09,5.0765e+10,5.1388e+10,4.3448e+10,-3.2319e+09,2.4588e+11,-2.2345e+11,0.00053535,0.00052886,-2.5273e-05,-1.0757e-08,1.4461e-07,8.1838e-07,-7.4372e-07,0.0010642,2.597e-09,8.7148e-13,1.0112e-12,-9.7271e-25,4.7009e-17,-7.0804e-25
1.0004e+09,1.0796e+09,1.851e+09,4.3153e+10,4.2001e+10,-2.9476e+11,-9.7467e+09,6.0825e+11,-9.1057e+10,0.00060162,0.00061811,2.6513e-05,-4.8298e-08,-1.4606e-06,3.0141e-06,-4.5122e-07,0.0012197,3.0838e-09,6.4679e-11,1.2451e-11,-3.3641e-23,-5.1656e-16,-1.0619e-22
1.0725e+09,1.0574e+09,1.2023e+09,3.7983e+10,4.5438e+10,-5.7452e+10,-9.891e+10,-1.4239e+11,-4.7675e+11,0.00072122,0.0006029,1.9084e-05,-5.5726e-07,-3.2369e-07,-8.0221e-07,-2.686e-06,0.0013241,1.5456e-08,7.8465e-13,1.0907e-11,4.0666e-23,1.1654e-15,-1.1672e-22
8.7409e+08,8.7402e+08,-4.6066e+09,4.0637e+10,3.7781e+10,-1.7305e+11,2.3144e+11,6.901e+11,4.0619e+11,0.00072931,0.00078445,-8.8926e-05,1.6653e-06,-1.2451e-06,4.9655e-06,2.9227e-06,0.0015138,3.4672e-08,7.5707e-11,4.6782e-11,4.418e-22,-1.6873e-15,-1.9802e-22
1.1411e+09,1.0839e+09,-1.53e+09,4.3147e+10,4.8013e+10,-1.5795e+09,-2.3974e+11,-3.5909e+11,-1.4295e+11,0.0006961,0.00062555,-2.2183e-05,-1.2061e-06,-7.9459e-09,-1.8065e-06,-7.1913e-07,0.0013217,6.9453e-09,6.4602e-12,9.6044e-12,1.5398e-23,-7.9733e-16,-1.8404e-23
1.2166e+09,1.2754e+09,1.1598e+08,5.3393e+10,5.0922e+10,-6.5185e+10,-4.8572e+10,-1.1706e+11,-2.9308e+11,0.00056374,0.0005911,1.284e-06,-1.7442e-07,-2.3408e-07,-4.2038e-07,-1.0525e-06,0.0011548,7.5499e-10,9.0042e-14,2.009e-12,6.8656e-25,-3.1673e-17,-4.7348e-24
